URL,Last crawled
https://leetdezine.com/01-Foundation/,2026-04-28
https://leetdezine.com/03-Case-Studies/04-Summit/02-Netflix/01-System-Requirements/06-API-Home-Feed/,2026-04-28
https://leetdezine.com/02-Ascent/01-Notification-System/08-Observability/02-Measuring-Latency/,2026-04-27
https://leetdezine.com/01-Foundation/02-URL-Shortener/08-Final-Design/01-Final-Design/,2026-04-27
https://leetdezine.com/05-Battleground/01-WhatsApp/,2026-04-27
https://leetdezine.com/02-Ascent/02-Pastebin/06-Deep-Dives/03-Caching/01-Why-Cache/,2026-04-27
https://leetdezine.com/01-Concepts/06-Messaging/?q,2026-04-27
https://leetdezine.com/05-Battleground/01-WhatsApp/06-Deep-Dives/03-Offline-Delivery/09-Push-Notifications/,2026-04-27
https://leetdezine.com/01-Foundation/02-URL-Shortener/09-Observability/05-Error-Budget/,2026-04-27
https://leetdezine.com/05-Battleground/01-WhatsApp/06-Deep-Dives/02-Message-Ordering/05-Dedicated-Timestamp-Service/,2026-04-27
https://leetdezine.com/availability/,2026-04-27
https://leetdezine.com/05-Battleground/01-WhatsApp/06-Deep-Dives/05-Inbox/04-LSM-Tree-And-Immutable-Keys/,2026-04-27
https://leetdezine.com/03-Expedition/01-Rate-Limiter/06-Deep-Dives/01-Algorithms/01-Fixed-Window-Counter/,2026-04-27
https://leetdezine.com/01-Foundation/02-URL-Shortener/06-Deep-Dives/03-Caching/03-Cache-Strategy/,2026-04-27
https://leetdezine.com/05-Battleground/01-WhatsApp/06-Deep-Dives/04-Message-Status/04-Delivered-Ack/,2026-04-27
https://leetdezine.com/02-Ascent/02-Pastebin/06-Deep-Dives/04-Peak-Traffic/01-Hot-Key-Problem/,2026-04-27
https://leetdezine.com/03-Expedition/01-Rate-Limiter/06-Deep-Dives/01-Algorithms/03-Sliding-Window-Counter/,2026-04-27
https://leetdezine.com/05-Battleground/01-WhatsApp/08-Observability/01-SLI-SLO-Connection/,2026-04-27
https://leetdezine.com/05-Battleground/01-WhatsApp/06-Deep-Dives/04-Message-Status/06-APNs-Not-Reliable/,2026-04-27
https://leetdezine.com/05-Battleground/01-WhatsApp/06-Deep-Dives/03-Offline-Delivery/12-Notification-Reply/,2026-04-27
https://leetdezine.com/02-Ascent/02-Pastebin/06-Deep-Dives/03-Caching/03-Cache-Sizing/,2026-04-27
https://leetdezine.com/05-Battleground/01-WhatsApp/06-Deep-Dives/04-Message-Status/02-Naive-Status-Column/,2026-04-27
https://leetdezine.com/01-Foundation/02-URL-Shortener/06-Deep-Dives/07-Cold-Storage/03-Detecting-Cold-URLs/,2026-04-27
https://leetdezine.com/04-Summit/02-KV-Store/06-Deep-Dives/01-Consistent-Hashing/01-Terminology/,2026-04-27
https://leetdezine.com/01-Concepts/04-Storage-and-Databases/11-Read-Write-Splitting/04-Interview-Cheatsheet/,2026-04-27
https://leetdezine.com/01-Foundation/02-URL-Shortener/06-Deep-Dives/04-Peak-Traffic/01-The-Spike-Problem/,2026-04-27
https://leetdezine.com/03-Expedition/01-Rate-Limiter/06-Deep-Dives/01-Algorithms/04-Token-Bucket/,2026-04-27
https://leetdezine.com/01-Foundation/02-URL-Shortener/06-Deep-Dives/08-Fault-Isolation/03-DB-Shard-Primary-Down/,2026-04-27
https://leetdezine.com/05-Battleground/01-WhatsApp/06-Deep-Dives/03-Offline-Delivery/10-Notification-Payload/,2026-04-27
https://leetdezine.com/01-Foundation/02-URL-Shortener/06-Deep-Dives/06-Pre-Generated-Keys/03-Key-Pool/,2026-04-27
https://leetdezine.com/05-Battleground/01-WhatsApp/06-Deep-Dives/06-Caching/03-Cache-Invalidation/?q,2026-04-27
https://leetdezine.com/05-Battleground/01-WhatsApp/06-Deep-Dives/05-Inbox/05-Option-A-vs-Option-B/,2026-04-27
https://leetdezine.com/03-Expedition/01-Rate-Limiter/06-Deep-Dives/04-Fault-Isolation/02-Redis-Node-Down/,2026-04-27
https://leetdezine.com/03-Expedition/01-Rate-Limiter/02-Estimation/,2026-04-27
https://leetdezine.com/02-Ascent/02-Pastebin/06-Deep-Dives/02-DB/02-Content-Addressable-Storage/,2026-04-27
https://leetdezine.com/03-Expedition/01-Rate-Limiter/08-Observability/01-SLI-SLO-Connection/,2026-04-27
https://leetdezine.com/03-Expedition/01-Rate-Limiter/08-Observability/05-Error-Budget/,2026-04-27
https://leetdezine.com/04-Summit/02-KV-Store/07-Observability/05-Error-Budget/,2026-04-27
https://leetdezine.com/02-Ascent/01-Notification-System/07-Final-Design/01-Final-Design/,2026-04-27
https://leetdezine.com/04-Summit/02-KV-Store/06-Deep-Dives/07-Fault-Isolation/03-Network-Partition/,2026-04-26
https://leetdezine.com/05-Battleground/01-WhatsApp/06-Deep-Dives/06-Caching/05-Updated-Architecture/,2026-04-26
https://leetdezine.com/03-Case-Studies/03-Expedition/01-Rate-Limiter/02-Deep-Dives/01-Algorithms/04-Token-Bucket/?q,2026-04-26
https://leetdezine.com/01-Foundation/02-URL-Shortener/06-Deep-Dives/04-Peak-Traffic/05-Updated-Architecture/,2026-04-26
https://leetdezine.com/05-Battleground/01-WhatsApp/06-Deep-Dives/XX-Fault-Isolation/02-DynamoDB-Failure/01-Circuit-Breaker/,2026-04-26
https://leetdezine.com/05-Battleground/01-WhatsApp/06-Deep-Dives/03-Offline-Delivery/03-Naive-Mailbox/,2026-04-26
https://leetdezine.com/02-Ascent/01-Notification-System/06-Deep-Dives/02-Kafka/01-Queue-Selection/,2026-04-26
https://leetdezine.com/02-Ascent/01-Notification-System/06-Deep-Dives/04-Scheduling/03-Jitter/,2026-04-26
https://leetdezine.com/02-Ascent/01-Notification-System/06-Deep-Dives/03-Per-Channel-Workers/01-Push-Worker/,2026-04-26
https://leetdezine.com/01-Foundation/02-URL-Shortener/06-Deep-Dives/02-DB/06-How-Many-Shards/,2026-04-26
https://leetdezine.com/02-Ascent/02-Pastebin/06-Deep-Dives/01-Short-Code-Generation/01-Requirements/,2026-04-26
https://leetdezine.com/02-Ascent/01-Notification-System/06-Deep-Dives/01-DB/02-Schema/,2026-04-26
https://leetdezine.com/03-Case-Studies/02-Ascent/02-Pastebin/03-Observability/03-Measuring-Availability/,2026-04-26
https://leetdezine.com/02-Ascent/01-Notification-System/06-Deep-Dives/03-Per-Channel-Workers/03-Email-Worker/,2026-04-26
https://leetdezine.com/02-Ascent/02-Pastebin/03-NFR/,2026-04-26
https://leetdezine.com/01-Foundation/01-Unique-ID-Generator/07-Observability/04-Alerting/,2026-04-26
https://leetdezine.com/05-Battleground/01-WhatsApp/04-Real-Time-Comms/05-WebSockets/,2026-04-26
https://leetdezine.com/01-Foundation/02-URL-Shortener/06-Deep-Dives/04-Peak-Traffic/03-Load-Balancing/,2026-04-26
https://leetdezine.com/01-Foundation/01-Unique-ID-Generator/07-Observability/05-Error-Budget/,2026-04-26
https://leetdezine.com/03-Case-Studies/02-Ascent/02-Pastebin/02-Deep-Dives/02-DB/06-Sharding/,2026-04-26
https://leetdezine.com/05-Battleground/01-WhatsApp/06-Deep-Dives/03-Offline-Delivery/04-Message-Id-Only/,2026-04-26
https://leetdezine.com/05-Battleground/01-WhatsApp/06-Deep-Dives/04-Message-Status/09-Offline-Status-Sync/,2026-04-26
https://leetdezine.com/02-Ascent/02-Pastebin/06-Deep-Dives/07-Expiry-Cleanup-Job/05-Indexing-Strategy/,2026-04-26
https://leetdezine.com/01-Concepts/04-Storage-and-Databases/11-Read-Write-Splitting/01-The-Problem/,2026-04-26
https://leetdezine.com/04-Summit/02-KV-Store/06-Deep-Dives/05-Conflict-Resolution/01-The-Problem/,2026-04-26
https://leetdezine.com/02-Ascent/,2026-04-26
https://leetdezine.com/03-Expedition/01-Rate-Limiter/06-Deep-Dives/01-Algorithms/02-Sliding-Window-Log/,2026-04-26
https://leetdezine.com/01-Foundation/02-URL-Shortener/06-Deep-Dives/04-Peak-Traffic/02-Hot-Key-Problem/01-Detection/,2026-04-26
https://leetdezine.com/05-Battleground/01-WhatsApp/06-Deep-Dives/05-Inbox/02-N+1-And-Denormalization/,2026-04-26
https://leetdezine.com/05-Battleground/01-WhatsApp/06-Deep-Dives/02-Message-Ordering/10-Schema-Update/,2026-04-26
https://leetdezine.com/04-Summit/02-KV-Store/06-Deep-Dives/06-TTL-And-Data-Expiry/01-How-TTL-Works/,2026-04-26
https://leetdezine.com/05-Battleground/01-WhatsApp/06-Deep-Dives/02-Message-Ordering/08-Redis-INCR/,2026-04-26
https://leetdezine.com/02-Ascent/02-Pastebin/06-Deep-Dives/03-Caching/02-What-To-Cache-And-How/,2026-04-26
https://leetdezine.com/01-Concepts/04-Storage-and-Databases/12-Database-Types/01-Key-Value-Stores/00-Overview/,2026-04-26
https://leetdezine.com/01-Foundation/02-URL-Shortener/06-Deep-Dives/03-Caching/01-Why-Caching/,2026-04-26
https://leetdezine.com/05-Battleground/01-WhatsApp/06-Deep-Dives/06-Caching/01-Message-History-Cache/,2026-04-26
https://leetdezine.com/01-Foundation/02-URL-Shortener/04-API/,2026-04-26
https://leetdezine.com/03-Case-Studies/04-Summit/01-KV-Store/03-Base-Architecture/03-Why-Leaderless/,2026-04-26
https://leetdezine.com/01-Foundation/02-URL-Shortener/05-Base-Architecture/,2026-04-26
https://leetdezine.com/05-Battleground/01-WhatsApp/06-Deep-Dives/01-DB/05-Hot-Partition/05-Registry/,2026-04-26
https://leetdezine.com/05-Battleground/01-WhatsApp/03-NFR/,2026-04-26
https://leetdezine.com/03-Expedition/01-Rate-Limiter/04-API/,2026-04-26
https://leetdezine.com/04-Summit/02-KV-Store/02-Estimation/,2026-04-26
https://leetdezine.com/02-Ascent/02-Pastebin/04-API/,2026-04-26
https://leetdezine.com/02-Ascent/02-Pastebin/01-FR/,2026-04-26
https://leetdezine.com/02-Ascent/02-Pastebin/02-Estimation/,2026-04-26
https://leetdezine.com/01-Foundation/02-URL-Shortener/01-FR/,2026-04-26
https://leetdezine.com/05-Battleground/01-WhatsApp/02-Estimation/,2026-04-26
https://leetdezine.com/01-Concepts/04-Storage-and-Databases/09-Pagination/01-Offset-Pagination/,2026-04-26
https://leetdezine.com/04-Summit/02-KV-Store/04-API/01-API-Design/,2026-04-26
https://leetdezine.com/01-Foundation/01-Unique-ID-Generator/07-Observability/02-Measuring-Latency/,2026-04-26
https://leetdezine.com/05-Battleground/01-WhatsApp/04-Real-Time-Comms/03-Long-Polling/,2026-04-26
https://leetdezine.com/05-Battleground/01-WhatsApp/08-Observability/05-Error-Budget/,2026-04-26
https://leetdezine.com/04-Summit/02-KV-Store/07-Observability/02-Measuring-Latency/,2026-04-26
https://leetdezine.com/05-Battleground/01-WhatsApp/08-Observability/02-Measuring-Latency/?q,2026-04-26
https://leetdezine.com/05-Battleground/01-WhatsApp/06-Deep-Dives/03-Offline-Delivery/11-Internet-Turns-On/,2026-04-26
https://leetdezine.com/01-Foundation/02-URL-Shortener/09-Observability/05-Error-Budget/?q,2026-04-26
https://leetdezine.com/01-Concepts/04-Storage-and-Databases/06-Sharding/01-What-is-Sharding/,2026-04-26
https://leetdezine.com/01-Concepts/04-Storage-and-Databases/14-Data-Modeling/01-The-Process/,2026-04-26
https://leetdezine.com/01-Concepts/04-Storage-and-Databases/08-CDC/03-Interview-Cheatsheet/,2026-04-26
https://leetdezine.com/01-Concepts/04-Storage-and-Databases/08-CDC/01-What-is-CDC/?q,2026-04-26
https://leetdezine.com/01-Concepts/04-Storage-and-Databases/08-CDC/02-Outbox-Pattern/,2026-04-26
https://leetdezine.com/01-Concepts/04-Storage-and-Databases/05-Replication/04-Failover/,2026-04-26
https://leetdezine.com/01-Concepts/04-Storage-and-Databases/05-Replication/06-Interview-Cheatsheet/,2026-04-26
https://leetdezine.com/01-Concepts/04-Storage-and-Databases/05-Replication/02-Sync-vs-Async/,2026-04-26
https://leetdezine.com/01-Concepts/04-Storage-and-Databases/05-Replication/05-Multi-Primary/,2026-04-26
https://leetdezine.com/01-Concepts/04-Storage-and-Databases/05-Replication/03-Replication-Lag/,2026-04-26
https://leetdezine.com/01-Concepts/04-Storage-and-Databases/05-Replication/01-What-is-Replication/?q,2026-04-26
https://leetdezine.com/01-Concepts/04-Storage-and-Databases/07-MVCC/01-Concurrency-Control/?q,2026-04-26
https://leetdezine.com/01-Concepts/02-Fundamentals/10-Network-Partitions/00-Overview/,2026-04-26
https://leetdezine.com/01-Concepts/02-Fundamentals/11-CAP-Theorem/00-Overview/,2026-04-26
https://leetdezine.com/01-Concepts/02-Fundamentals/12-PACELC/00-Overview/,2026-04-26
https://leetdezine.com/01-Concepts/02-Fundamentals/15-NFRs/00-Overview/,2026-04-26
https://leetdezine.com/05-Battleground/01-WhatsApp/06-Deep-Dives/01-DB/06-Updated-Architecture/,2026-04-26
https://leetdezine.com/01-Concepts/02-Fundamentals/13-Security/00-Overview/,2026-04-26
https://leetdezine.com/01-Concepts/02-Fundamentals/09-Consistency-Models/00-Overview/,2026-04-26
https://leetdezine.com/02-Ascent/01-Notification-System/08-Observability/05-Error-Budget/,2026-04-26
https://leetdezine.com/01-Foundation/02-URL-Shortener/06-Deep-Dives/02-DB/07-Replication/,2026-04-26
https://leetdezine.com/04-Summit/02-KV-Store/06-Deep-Dives/02-Replication/01-Quorum-Writes/,2026-04-26
https://leetdezine.com/01-Concepts/02-Fundamentals/14-State-Machines/00-Overview/,2026-04-25
https://leetdezine.com/04-Summit/02-KV-Store/06-Deep-Dives/04-Cluster-Membership/03-Failure-Detection/,2026-04-25
https://leetdezine.com/04-Summit/02-KV-Store/06-Deep-Dives/02-Replication/03-Anti-Entropy/,2026-04-25
https://leetdezine.com/01-Foundation/02-URL-Shortener/06-Deep-Dives/07-Cold-Storage/01-The-Problem/,2026-04-25
https://leetdezine.com/02-Ascent/02-Pastebin/06-Deep-Dives/07-Expiry-Cleanup-Job/04-Watchdog/,2026-04-25
https://leetdezine.com/05-Battleground/01-WhatsApp/06-Deep-Dives/03-Offline-Delivery/05-Why-Not-Kafka/,2026-04-25
https://leetdezine.com/04-Summit/02-KV-Store/06-Deep-Dives/07-Fault-Isolation/05-Coordinator-Failure/,2026-04-25
https://leetdezine.com/02-Ascent/02-Pastebin/06-Deep-Dives/02-DB/03-Ref-Counting/,2026-04-25
https://leetdezine.com/05-Battleground/01-WhatsApp/06-Deep-Dives/05-Inbox/03-Conversations-Table-Schema/,2026-04-25
https://leetdezine.com/02-Ascent/02-Pastebin/06-Deep-Dives/05-Fault-Isolation/01-Why-Fault-Isolation/,2026-04-25
https://leetdezine.com/01-Foundation/02-URL-Shortener/06-Deep-Dives/03-Caching/04-Eviction-Policy/,2026-04-25
https://leetdezine.com/05-Battleground/01-WhatsApp/06-Deep-Dives/03-Offline-Delivery/08-Write-Flow/,2026-04-25
https://leetdezine.com/03-Expedition/01-Rate-Limiter/06-Deep-Dives/01-Algorithms/06-Algorithm-Comparison/,2026-04-25
https://leetdezine.com/05-Battleground/01-WhatsApp/08-Observability/02-Measuring-Latency/,2026-04-25
https://leetdezine.com/04-Summit/02-KV-Store/07-Observability/04-Alerting/,2026-04-25
https://leetdezine.com/01-Foundation/01-Unique-ID-Generator/01-FR/,2026-04-25
https://leetdezine.com/01-Foundation/01-Unique-ID-Generator/04-API/,2026-04-25
https://leetdezine.com/01-Concepts/02-Core-Concepts/08-Concurrency-Locking/05-MVCC/,2026-04-25
https://leetdezine.com/01-Concepts/04-Storage-and-Databases/13-Choosing-The-Right-DB/01-Decision-Framework/,2026-04-25
https://leetdezine.com/02-Ascent/02-Pastebin/05-Base-Architecture/,2026-04-25
https://leetdezine.com/02-Ascent/02-Pastebin/,2026-04-25
https://leetdezine.com/02-Ascent/01-Notification-System/02-Estimation/,2026-04-25
https://leetdezine.com/01-Foundation/01-Unique-ID-Generator/07-Observability/01-SLI-SLO-Connection/,2026-04-25
https://leetdezine.com/02-Ascent/01-Notification-System/00-System-Overview/,2026-04-25
https://leetdezine.com/04-Summit/02-KV-Store/04-API/02-Why-Base64/,2026-04-25
https://leetdezine.com/05-Battleground/01-WhatsApp/04-Real-Time-Comms/04-SSE/,2026-04-25
https://leetdezine.com/02-Ascent/02-Pastebin/07-Observability/03-Measuring-Availability/?q,2026-04-25
https://leetdezine.com/01-Foundation/02-URL-Shortener/03-NFR/,2026-04-25
https://leetdezine.com/01-Foundation/02-URL-Shortener/09-Observability/03-Measuring-Availability/,2026-04-25
https://leetdezine.com/02-Ascent/01-Notification-System/06-Deep-Dives/07-Fault-Isolation/02-Cassandra-Down/,2026-04-25
https://leetdezine.com/01-Foundation/02-URL-Shortener/06-Deep-Dives/07-Cold-Storage/02-Tiered-Storage/,2026-04-25
https://leetdezine.com/02-Ascent/01-Notification-System/03-NFR/,2026-04-25
https://leetdezine.com/05-Battleground/01-WhatsApp/06-Deep-Dives/01-DB/03-Tiered-Storage/,2026-04-25
https://leetdezine.com/05-Battleground/01-WhatsApp/06-Deep-Dives/03-Offline-Delivery/02-Detecting-Offline/,2026-04-25
https://leetdezine.com/05-Battleground/01-WhatsApp/06-Deep-Dives/04-Message-Status/11-Updated-Architecture/,2026-04-25
https://leetdezine.com/01-Foundation/02-URL-Shortener/06-Deep-Dives/04-Peak-Traffic/02-Hot-Key-Problem/03-Redis-Key-Replication/,2026-04-25
https://leetdezine.com/05-Battleground/01-WhatsApp/06-Deep-Dives/04-Message-Status/05-Read-Receipt-Flow/,2026-04-25
https://leetdezine.com/01-Foundation/01-Unique-ID-Generator/06-Deep-Dives/05-Pre-Generated-Key-Pool/,2026-04-25
https://leetdezine.com/05-Battleground/01-WhatsApp/06-Deep-Dives/01-DB/05-Hot-Partition/06-Edge-Cases/,2026-04-25
https://leetdezine.com/04-Summit/02-KV-Store/05-Base-Architecture/04-Base-Design/,2026-04-25
https://leetdezine.com/05-Battleground/01-WhatsApp/08-Observability/03-Measuring-Availability/,2026-04-25
https://leetdezine.com/01-Foundation/01-Unique-ID-Generator/07-Observability/03-Measuring-Availability/,2026-04-25
https://leetdezine.com/01-Foundation/02-URL-Shortener/09-Observability/01-SLI-SLO-Connection/,2026-04-25
https://leetdezine.com/04-Summit/02-KV-Store/01-FR/,2026-04-25
https://leetdezine.com/05-Battleground/01-WhatsApp/05-Base-Architecture/04-Chat-History-Flow/,2026-04-25
https://leetdezine.com/05-Battleground/01-WhatsApp/06-Deep-Dives/02-Message-Ordering/07-Per-Conversation-Sequence/,2026-04-25
https://leetdezine.com/01-Foundation/01-Unique-ID-Generator/00-System-Overview/,2026-04-25
https://leetdezine.com/03-Expedition/01-Rate-Limiter/05-Base-Architecture/,2026-04-25
https://leetdezine.com/01-Foundation/02-URL-Shortener/09-Observability/04-Alerting/,2026-04-25
https://leetdezine.com/05-Battleground/01-WhatsApp/05-Base-Architecture/05-API-GW-And-LB/,2026-04-25
https://leetdezine.com/05-Battleground/01-WhatsApp/06-Deep-Dives/05-Inbox/06-Redis-Sorted-Set/,2026-04-25
https://leetdezine.com/04-Summit/02-KV-Store/07-Observability/03-Measuring-Availability/,2026-04-25
https://leetdezine.com/02-Ascent/02-Pastebin/07-Observability/04-Alerting/,2026-04-25
https://leetdezine.com/01-Foundation/01-Unique-ID-Generator/06-Deep-Dives/08-Clock-Skew/,2026-04-25
https://leetdezine.com/02-Ascent/01-Notification-System/08-Observability/04-Alerting/,2026-04-24
https://leetdezine.com/05-Battleground/01-WhatsApp/04-Real-Time-Comms/02-Short-Polling/,2026-04-24
https://leetdezine.com/03-Expedition/01-Rate-Limiter/08-Observability/02-Measuring-Latency/,2026-04-24
https://leetdezine.com/01-Foundation/01-Unique-ID-Generator/06-Deep-Dives/06-Snowflake/,2026-04-24
https://leetdezine.com/01-Foundation/01-Unique-ID-Generator/06-Deep-Dives/02-Multi-Server-Problem/,2026-04-24
https://leetdezine.com/04-Summit/,2026-04-24
https://leetdezine.com/04-Summit/02-KV-Store/05-Base-Architecture/02-Why-Not-Multi-Leader/,2026-04-24
https://leetdezine.com/02-Ascent/01-Notification-System/04-API/,2026-04-24
https://leetdezine.com/02-Ascent/02-Pastebin/07-Observability/02-Measuring-Latency/,2026-04-24
https://leetdezine.com/02-Ascent/01-Notification-System/01-FR/,2026-04-24
https://leetdezine.com/03-Expedition/01-Rate-Limiter/06-Deep-Dives/04-Fault-Isolation/01-Rate-Limiter-Node-Down/,2026-04-24
https://leetdezine.com/01-Foundation/02-URL-Shortener/06-Deep-Dives/01-Short-Code-Generation/04-UUID-Base64-Trim/,2026-04-24
https://leetdezine.com/04-Summit/02-KV-Store/06-Deep-Dives/02-Replication/02-Read-Repair/,2026-04-24
https://leetdezine.com/01-Foundation/02-URL-Shortener/06-Deep-Dives/01-Short-Code-Generation/05-Snowflake-Base64/,2026-04-24
https://leetdezine.com/04-Summit/02-KV-Store/06-Deep-Dives/01-Consistent-Hashing/02-How-The-Ring-Works/,2026-04-24
https://leetdezine.com/04-Summit/02-KV-Store/06-Deep-Dives/04-Cluster-Membership/02-Gossip-Protocol/,2026-04-24
https://leetdezine.com/02-Ascent/02-Pastebin/06-Deep-Dives/05-Fault-Isolation/02-Service-Split/,2026-04-24
https://leetdezine.com/02-Ascent/02-Pastebin/06-Deep-Dives/01-Short-Code-Generation/03-Redis-Counter/,2026-04-23
https://leetdezine.com/04-Summit/02-KV-Store/06-Deep-Dives/03-Storage-Engine/01-B+Tree-vs-LSM-Tree/,2026-04-23
https://leetdezine.com/01-Foundation/02-URL-Shortener/06-Deep-Dives/02-DB/01-DB-Choice/,2026-04-23
https://leetdezine.com/01-Foundation/02-URL-Shortener/06-Deep-Dives/03-Caching/02-Cache-Size/?q,2026-04-23
https://leetdezine.com/05-Battleground/01-WhatsApp/06-Deep-Dives/02-Message-Ordering/04-Server-Timestamps/,2026-04-23
https://leetdezine.com/05-Battleground/01-WhatsApp/06-Deep-Dives/02-Message-Ordering/02-Client-Timestamps/,2026-04-23
https://leetdezine.com/01-Foundation/02-URL-Shortener/06-Deep-Dives/03-Caching/05-Updated-Flow/,2026-04-23
https://leetdezine.com/02-Ascent/01-Notification-System/06-Deep-Dives/05-Retry-And-DLQ/01-Retry-Strategy/,2026-04-23
https://leetdezine.com/02-Ascent/01-Notification-System/06-Deep-Dives/03-Per-Channel-Workers/02-SMS-Worker/,2026-04-23
https://leetdezine.com/02-Ascent/01-Notification-System/06-Deep-Dives/06-Rate-Limiting/01-Rate-Limiting/,2026-04-23
https://leetdezine.com/03-Expedition/01-Rate-Limiter/06-Deep-Dives/03-Rule-Storage/01-Rule-Storage/,2026-04-23
https://leetdezine.com/01-Foundation/02-URL-Shortener/06-Deep-Dives/02-DB/02-Schema/,2026-04-23
https://leetdezine.com/05-Battleground/01-WhatsApp/06-Deep-Dives/02-Message-Ordering/11-Display-Time/,2026-04-23
https://leetdezine.com/02-Ascent/02-Pastebin/06-Deep-Dives/01-Short-Code-Generation/04-Custom-Alias/,2026-04-23
https://leetdezine.com/01-Foundation/02-URL-Shortener/06-Deep-Dives/06-Pre-Generated-Keys/02-Bloom-Filter/,2026-04-23
https://leetdezine.com/04-Summit/02-KV-Store/06-Deep-Dives/07-Fault-Isolation/01-Node-Failure/,2026-04-23
https://leetdezine.com/01-Foundation/02-URL-Shortener/06-Deep-Dives/02-DB/03-Why-Sharding/,2026-04-23
https://leetdezine.com/01-Foundation/02-URL-Shortener/06-Deep-Dives/08-Fault-Isolation/01-Fault-Isolation/,2026-04-23
https://leetdezine.com/02-Ascent/01-Notification-System/06-Deep-Dives/05-Retry-And-DLQ/02-DLQ/,2026-04-22
https://leetdezine.com/05-Battleground/01-WhatsApp/06-Deep-Dives/07-Peak-Traffic/04-Backpressure/02-In-Memory-Queue/,2026-04-22